asdf,adsf@gmail.com,912ec803b2ce49e4a541068d495ab570,uploads/pic-8c5e3808-c6e9-4284-abb4-23dc0199fecd_(1).jpg 
asdf,adsf@gmail.com,912ec803b2ce49e4a541068d495ab570,uploads/pic-8c5e3808-c6e9-4284-abb4-23dc0199fecd_(1).jpg 
asdf,adsf@gmail.com,912ec803b2ce49e4a541068d495ab570,uploads/pic-8c5e3808-c6e9-4284-abb4-23dc0199fecd_(1).jpg 
asdf,adsf@gmail.com,912ec803b2ce49e4a541068d495ab570,uploads/pic-8c5e3808-c6e9-4284-abb4-23dc0199fecd_(1).jpg 
asdf,adsf@gmail.com,912ec803b2ce49e4a541068d495ab570,uploads/pic-8c5e3808-c6e9-4284-abb4-23dc0199fecd_(1).jpg 
asdf,adsf@gmail.com,912ec803b2ce49e4a541068d495ab570,uploads/pic-8c5e3808-c6e9-4284-abb4-23dc0199fecd_(1).jpg 
asdf,adsf@gmail.com,912ec803b2ce49e4a541068d495ab570,uploads/pic-8c5e3808-c6e9-4284-abb4-23dc0199fecd_(1).jpg 
asdf,adsf@gmail.com,912ec803b2ce49e4a541068d495ab570,uploads/pic-8c5e3808-c6e9-4284-abb4-23dc0199fecd_(1).jpg 
asdf,adsf@gmail.com,912ec803b2ce49e4a541068d495ab570,uploads/pic-8c5e3808-c6e9-4284-abb4-23dc0199fecd_(1).jpg 
asdf,adsf@gmail.com,912ec803b2ce49e4a541068d495ab570,uploads/pic-8c5e3808-c6e9-4284-abb4-23dc0199fecd_(1).jpg 
asdf,adsf@gmail.com,912ec803b2ce49e4a541068d495ab570,uploads/pic-8c5e3808-c6e9-4284-abb4-23dc0199fecd_(1).jpg 
asdf,adsf@gmail.com,912ec803b2ce49e4a541068d495ab570,uploads/pic-8c5e3808-c6e9-4284-abb4-23dc0199fecd_(1).jpg 
asdf,adsf@gmail.com,912ec803b2ce49e4a541068d495ab570,uploads/pic-8c5e3808-c6e9-4284-abb4-23dc0199fecd_(1).jpg 
asdf,adsf@gmail.com,912ec803b2ce49e4a541068d495ab570,uploads/pic-8c5e3808-c6e9-4284-abb4-23dc0199fecd_(1).jpg 
asdf,adsf@gmail.com,912ec803b2ce49e4a541068d495ab570,uploads/pic-8c5e3808-c6e9-4284-abb4-23dc0199fecd_(1).jpg 
